{"AA position":{"0":61,"1":62,"2":72,"3":84,"4":84,"5":85,"6":86,"7":88,"8":101,"9":102,"10":104,"11":104,"12":109,"13":112,"14":242,"15":253,"16":257},"log2FoldChange":{"0":5.07212919,"1":6.938259218,"2":5.135582079,"3":3.85748492,"4":5.801727951,"5":6.386456144,"6":6.386456144,"7":3.705729585,"8":6.405496696,"9":5.245038226,"10":5.664575271,"11":3.32051113,"12":6.032761939,"13":2.104633705,"14":3.644295266,"15":5.96237062,"16":5.508374973},"variant count":{"0":11,"1":5,"2":4,"3":3,"4":1,"5":3,"6":3,"7":3,"8":4,"9":10,"10":3,"11":1,"12":7,"13":1,"14":4,"15":1,"16":2},"variant source":{"0":"ALEdb","1":"ALEdb","2":"WT alleleome","3":"ALEdb","4":"WT alleleome","5":"WT alleleome","6":"WT alleleome","7":"ALEdb","8":"ALEdb","9":"ALEdb","10":"ICT ALE","11":"WT alleleome","12":"ALEdb","13":"ICT ALE","14":"WT alleleome","15":"WT alleleome","16":"WT alleleome"},"ngl sphere size":{"0":11,"1":5,"2":4,"3":3,"4":1,"5":3,"6":3,"7":3,"8":4,"9":10,"10":3,"11":1,"12":7,"13":1,"14":4,"15":1,"16":2},"color":{"0":"#fc532b","1":"#800026","2":"#fc4d2a","3":"#feb651","4":"#df171d","5":"#b70026","6":"#b70026","7":"#fec05b","8":"#b60026","9":"#f74327","10":"#e61f1d","11":"#fed976","12":"#cf0c21","13":"#ffffcc","14":"#fec45f","15":"#d41020","16":"#ec2c21"},"residue pos":{"0":61,"1":62,"2":72,"3":84,"4":84,"5":85,"6":86,"7":88,"8":101,"9":102,"10":104,"11":104,"12":109,"13":112,"14":242,"15":253,"16":257}}