{"AA position":{"0":16,"1":34,"2":36,"3":38,"4":50,"5":52,"6":54,"7":57,"8":61,"9":84,"10":93,"11":97,"12":113,"13":117,"14":147,"15":176,"16":189,"17":191,"18":197,"19":218,"20":220,"21":233,"22":242,"23":257,"24":259,"25":267,"26":273,"27":274,"28":279,"29":289,"30":295,"31":298,"32":299,"33":301,"34":306,"35":314,"36":315,"37":316,"38":317,"39":318,"40":319,"41":320,"42":321,"43":321,"44":322,"45":323,"46":324},"positive_norm_score":{"0":0.5493758327,"1":0.4677095032,"2":1.0,"3":0.4704469073,"4":0.4826952419,"5":0.4318129049,"6":0.3843976047,"7":0.4958568077,"8":0.4061110452,"9":0.4330741955,"10":0.3536966761,"11":0.3844873674,"12":0.2949720677,"13":0.3820634777,"14":0.4058821511,"15":0.3272654692,"16":0.4316376383,"17":0.4708400246,"18":0.4609664659,"19":0.3533559894,"20":0.2963331091,"21":0.6083162072,"22":0.5053674744,"23":0.4983707403,"24":0.3769679543,"25":0.6702532793,"26":0.6307862368,"27":0.4889205048,"28":0.4466404002,"29":0.6049446779,"30":0.5605053884,"31":0.5414834357,"32":0.5414834357,"33":0.4582374153,"34":0.6826680353,"35":0.4628151759,"36":0.5813224175,"37":0.4628151759,"38":0.4628151759,"39":0.4628151759,"40":0.4628151759,"41":0.4628151759,"42":0.5762278995,"43":0.5889366125,"44":0.6317996469,"45":0.675465056,"46":0.5455852491},"variant count":{"0":1,"1":1,"2":4,"3":1,"4":1,"5":2,"6":1,"7":3,"8":1,"9":2,"10":1,"11":1,"12":1,"13":1,"14":1,"15":1,"16":1,"17":1,"18":1,"19":1,"20":1,"21":1,"22":1,"23":4,"24":2,"25":1,"26":2,"27":1,"28":2,"29":3,"30":1,"31":1,"32":1,"33":3,"34":1,"35":2,"36":6,"37":2,"38":2,"39":2,"40":2,"41":2,"42":1,"43":1,"44":2,"45":5,"46":2},"variant source":{"0":"WT alleleome","1":"ICT ALE","2":"ALEdb","3":"ALEdb","4":"WT alleleome","5":"WT alleleome","6":"WT alleleome","7":"WT alleleome","8":"WT alleleome","9":"WT alleleome","10":"WT alleleome","11":"WT alleleome","12":"WT alleleome","13":"WT alleleome","14":"WT alleleome","15":"WT alleleome","16":"ALEdb","17":"WT alleleome","18":"WT alleleome","19":"ICT ALE","20":"WT alleleome","21":"ALEdb","22":"WT alleleome","23":"WT alleleome","24":"ALEdb","25":"WT alleleome","26":"ICT ALE","27":"WT alleleome","28":"ALEdb","29":"ALEdb","30":"ALEdb","31":"WT alleleome","32":"WT alleleome","33":"ALEdb","34":"WT alleleome","35":"ALEdb","36":"ALEdb","37":"ALEdb","38":"ALEdb","39":"ALEdb","40":"ALEdb","41":"ALEdb","42":"ALEdb","43":"WT alleleome","44":"WT alleleome","45":"WT alleleome","46":"WT alleleome"},"ngl sphere size":{"0":1,"1":1,"2":4,"3":1,"4":1,"5":2,"6":1,"7":3,"8":1,"9":2,"10":1,"11":1,"12":1,"13":1,"14":1,"15":1,"16":1,"17":1,"18":1,"19":1,"20":1,"21":1,"22":1,"23":4,"24":2,"25":1,"26":2,"27":1,"28":2,"29":3,"30":1,"31":1,"32":1,"33":3,"34":1,"35":2,"36":6,"37":2,"38":2,"39":2,"40":2,"41":2,"42":1,"43":1,"44":2,"45":5,"46":2},"enrichment color":{"0":"#fd7435","1":"#fd9740","2":"#800026","3":"#fd9640","4":"#fd923e","5":"#fea145","6":"#feaf4b","7":"#fd8f3d","8":"#fea948","9":"#fea145","10":"#feb953","11":"#feaf4b","12":"#fecb67","13":"#feb04b","14":"#fea948","15":"#fec15d","16":"#fea145","17":"#fd9640","18":"#fd9841","19":"#feb953","20":"#fecb67","21":"#fc572c","22":"#fd8a3b","23":"#fd8e3c","24":"#feb24c","25":"#f33b25","26":"#fb4b29","27":"#fd903d","28":"#fd9d43","29":"#fc592d","30":"#fd6e33","31":"#fd7836","32":"#fd7836","33":"#fd9941","34":"#f13624","35":"#fd9841","36":"#fc6430","37":"#fd9841","38":"#fd9841","39":"#fd9841","40":"#fd9841","41":"#fd9841","42":"#fc6631","43":"#fc612f","44":"#fb4b29","45":"#f23924","46":"#fd7636"},"residue pos":{"0":16,"1":34,"2":36,"3":38,"4":50,"5":52,"6":54,"7":57,"8":61,"9":84,"10":93,"11":97,"12":113,"13":117,"14":147,"15":176,"16":189,"17":191,"18":197,"19":218,"20":220,"21":233,"22":242,"23":257,"24":259,"25":267,"26":273,"27":274,"28":279,"29":289,"30":295,"31":298,"32":299,"33":301,"34":306,"35":314,"36":315,"37":316,"38":317,"39":318,"40":319,"41":320,"42":321,"43":321,"44":322,"45":323,"46":324}}