{"AA position":{"0":3,"1":4,"2":6,"3":13,"4":15,"5":19,"6":20,"7":27,"8":35,"9":39,"10":42,"11":50,"12":62,"13":67,"14":76,"15":106},"log2FoldChange":{"0":1.126066252,"1":1.20848972,"2":1.098953196,"3":1.82699587,"4":2.062928022,"5":2.04949312,"6":3.373423948,"7":2.618209591,"8":1.23848738,"9":2.644409861,"10":2.457135758,"11":1.370968858,"12":1.00547897,"13":2.592530107,"14":1.248604066,"15":2.902176466},"variant count":{"0":2,"1":1,"2":2,"3":1,"4":2,"5":1,"6":2,"7":2,"8":1,"9":4,"10":3,"11":1,"12":1,"13":2,"14":1,"15":2},"variant source":{"0":"WT alleleome","1":"ICT ALE","2":"ICT ALE","3":"ALEdb","4":"ALEdb","5":"WT alleleome","6":"WT alleleome","7":"ICT ALE","8":"WT alleleome","9":"WT alleleome","10":"WT alleleome","11":"ALEdb","12":"ICT ALE","13":"ALEdb","14":"ICT ALE","15":"ALEdb"},"ngl sphere size":{"0":2,"1":1,"2":2,"3":1,"4":2,"5":1,"6":2,"7":2,"8":1,"9":4,"10":3,"11":1,"12":1,"13":2,"14":1,"15":2},"color":{"0":"#fff8ba","1":"#fff3af","2":"#fff9be","3":"#febb56","4":"#fd9d43","5":"#fd9f44","6":"#800026","7":"#f13624","8":"#fff1a9","9":"#ee3122","10":"#fc552c","11":"#ffe997","12":"#ffffcc","13":"#f33b25","14":"#fff0a8","15":"#d30f20"},"residue pos":{"0":3,"1":4,"2":6,"3":13,"4":15,"5":19,"6":20,"7":27,"8":35,"9":39,"10":42,"11":50,"12":62,"13":67,"14":76,"15":106}}